TARGET_CLASS,configuration_id,criterion,ctg_min_time_per_job,ctg_schedule,search_budget,p_object_pool,ctg_time_per_class,Size,Length,Total_Time,Random_Seed,LineCoverage,LineCoverageBitString,BranchCoverage,BranchCoverageBitString,ExceptionCoverage,ExceptionCoverageBitString,Explicit_MethodExceptions,Explicit_TypeExceptions,Implicit_MethodExceptions,Implicit_TypeExceptions,WeakMutationScore,WeakMutationCoverageBitString,OutputCoverage,OutputCoverageBitString,MethodCoverage,MethodCoverageBitString,MethodNoExceptionCoverage,MethodNoExceptionCoverageBitString,CBranchCoverage,CBranchCoverageBitString
org.autotest.StackAr,default,LINE;BRANCH;EXCEPTION;WEAKMUTATION;OUTPUT;METHOD;METHODNOEXCEPTION;CBRANCH,1,BUDGET,65,0.3,2,37,348,95141,1539014524403,0.9696969696969697,111111111111111111111111111111111111100111101111111111111111111111111111111111111111111111111111111,0.9298245614035088,111111111111111111111110111101110111111111111111110111111,1.0,11111111,2,1,2,2,0.8564102564102564,111111111111111111111111011111111111111111001111101010000000001100000000111111111111111111111111111111111111111111101111111111111111111110100110111111111111111111111111111111111111111111111011111,0.8125,1111111101101011,0.5789473684210527,1111111111100000000,0.5789473684210527,1111111111100000000,0.7017543859649122,100000011111111111111101111011110111111111111111100000000
